{
  "quality_classifier": {
    "accuracy": 0.49081632653061225,
    "precision": 0.4334648914824258,
    "recall": 0.49081632653061225,
    "f1_score": 0.3812659694199049,
    "n_train": 3920,
    "n_test": 980
  },
  "value_predictor": {
    "r2_score": 0.17048825455684868,
    "rmse": 11.753081627302047,
    "mae": 9.888570939150059,
    "n_train": 3920,
    "n_test": 980
  },
  "price_predictor": {
    "r2_score": 0.3184803949621855,
    "rmse": 0.4324356369622629,
    "mae": 0.3355805511817192,
    "n_train": 3920,
    "n_test": 980
  },
  "dataset_size": 4900,
  "features": [
    "calories",
    "protein",
    "carbs",
    "fat",
    "sugar",
    "fiber",
    "price_per_100g"
  ]
}